{"cameraMode":{"drawMode":0,"name":"Shaded","section":"Shading Mode"},"sceneLighting":true,"audioPlay":false,"sceneViewState":{"m_AlwaysRefresh":false,"showFog":true,"showSkybox":true,"showFlares":true,"showImageEffects":true,"showParticleSystems":true,"showVisualEffectGraphs":true,"m_FxEnabled":true},"in2DMode":false,"pivot":{"x":1.994532585144043,"y":9.516739845275879,"z":932.074951171875},"rotation":{"x":0.026996001601219178,"y":0.007793324999511242,"z":-0.00021045177709311247,"w":0.9996069073677063},"size":765.794189453125,"orthographic":false}